{
 "problem": "cvrp",
 "graph_size": 100,
 "batch_size": 128,
 "epoch_size": 1280000,
 "val_size": 10000,
 "val_dataset": null,
 "model": "attention",
 "embedding_dim": 128,
 "hidden_dim": 128,
 "n_encode_layers": 3,
 "tanh_clipping": 10.0,
 "normalization": "batch",
 "lr_model": 0.0001,
 "lr_critic": 0.0001,
 "lr_decay": 1.0,
 "eval_only": false,
 "n_epochs": 100,
 "seed": 1234,
 "max_grad_norm": 1.0,
 "no_cuda": false,
 "exp_beta": 0.8,
 "baseline": "rollout",
 "bl_alpha": 0.05,
 "bl_warmup_epochs": 1,
 "eval_batch_size": 1024,
 "checkpoint_encoder": false,
 "shrink_size": null,
 "data_distribution": "2_0_normal_0.8",
 "log_step": 50,
 "log_dir": "logs",
 "run_name": "route4_20200501T042118",
 "output_dir": "outputs",
 "epoch_start": 0,
 "checkpoint_epochs": 4,
 "load_path": null,
 "resume": null,
 "no_tensorboard": true,
 "no_progress_bar": true,
 "routing": false,
 "demand_std": 0.6,
 "demand_avg": 0.1,
 "fill_rate": 0.5,
 "use_file": false,
 "factor": 0.5,
 "gpu_num": "3",
 "proctitle": "route4",
 "weight_decay": 0,
 "flow_range": 0.0005,
 "test": false,
 "use_cuda": true,
 "save_dir": "outputs/cvrp_100/route4_20200501T042118"
}